<?xml version="1.0" encoding="utf-8"?>
<productAdditionalComps>
   <dependsOn>
      <component>
         <name>ProjectileSimulator</name>
         <locale/>
         <platformList>
            <platform>maci64</platform>
         </platformList>
         <version>1.4</version>
      </component>
   </dependsOn>
   <isControllingProduct>true</isControllingProduct>
   <platform>maci64</platform>
   <productName>ProjectileSimulator</productName>
   <productNumber>5000</productNumber>
   <productBaseCode>ProjectileSimulator</productBaseCode>
   <productVersion>1.4</productVersion>
   <releaseFamily>R2015b</releaseFamily>
   <releaseDescription>R2015b</releaseDescription>
</productAdditionalComps>