<?xml version="1.0" encoding="utf-8"?>
<ApplicationInstallerManifest>
   <DefaultInstallationDirectory>/Applications/SphericalCow/ProjectileSimulator/</DefaultInstallationDirectory>
   <ApplicationName>ProjectileSimulator</ApplicationName>
   <ExecutableName>application/ProjectileSimulator.exe</ExecutableName>
   <GUID>19065a03-84a3-4e90-8931-1e35bf3273c0</GUID>
   <ApplicationIcon>default_icon_48.png</ApplicationIcon>
   <Logo>default_logo.png</Logo>
   <Version>1.4</Version>
   <InstallationNotes>In the following directions, replace MCR_ROOT by the directory where the MATLAB Runtime is installed on the target machine.

If the environment variable DYLD_LIBRARY_PATH is undefined, set it to the concatenation of the following strings:

    MCR_ROOT/v90/runtime/maci64:
    MCR_ROOT/v90/sys/os/maci64:
    MCR_ROOT/v90/bin/maci64

If it is defined, set it to the concatenation of these strings:

    ${LD_LIBRARY_PATH}: 
    MCR_ROOT/v90/runtime/maci64:
    MCR_ROOT/v90/sys/os/maci64:
    MCR_ROOT/v90/bin/maci64</InstallationNotes>
   <AuthorOrganization>SphericalCow</AuthorOrganization>
   <WelcomePanelText>ProjectileSimulator 1.4

This program simulates a projectile?s trajectory through the air and path across a given terrain. The user can input the projectile?s physical attributes, values that indicate how to initially launch the projectile, and properties about the environment and landscape to accurately simulate a particular object?s trajectory in a particular environment. The program also displays the object?s x and y position, along with its x and y velocity as the simulation runs. The user can pause and resume the program at any time to note the values at a given time.

Ryan Kortvelesy</WelcomePanelText>
   <MCRProducts>
      <MCRProduct>
         <ExternalProductIdentifier>35000</ExternalProductIdentifier>
      </MCRProduct>
      <MCRProduct>
         <ExternalProductIdentifier>35010</ExternalProductIdentifier>
      </MCRProduct>
   </MCRProducts>
</ApplicationInstallerManifest>